id,user_id,title,body
52224,3764796,Somnus vicinus triginta inflammatio comptus annus aeternus.,Impedit angulus quia. Inventore adeptio cedo. Vos voluptate somnus. Accendo tutamen ambitus. Caelestis agnosco titulus. Taedium certe pecco. Crapula nemo dolorem. Thermae ullam chirographum. Torrens vox crur. Cavus tum vobis. Temperantia copiose conturbo. Non decipio demum. Denique alii desparatus. Tollo et atqui. Veniam omnis cotidie. Celo turba valeo.
52223,3764796,Cedo cinis asperiores adhuc ex concedo tibi quas.,Neque est aro. Creber timidus acceptus. Stella tertius vitiosus. Vestrum volaticus copia. Accommodo bonus turpis. Enim compono vicinus. Ut bene tamdiu. Cresco adfectus coadunatio. Sopor cribro ustilo. Xiphias adipiscor commodo. Repudiandae officia vomer. Vulnus barba amoveo. Argentum molestiae cometes. Tribuo explicabo sequi. Sono autem suscipit. Arma dolores valde. Alveus theatrum amplexus. Adicio sit sint. Contego vulnero suspendo.
52218,3764789,Audentia aurum aliquid trans qui arcus molestias.,Solvo sapiente celebrer. Aut clarus trepide. Tener accedo appello. Calcar sumptus abscido. Aegrotatio crustulum viduata. Non credo sollicito. Attero magni sequi. Arbitro vox coniuratio. Appello autem verumtamen. Clarus beneficium ater. Cohors vis territo.
52217,3764789,Angustus peccatus umquam compello adsidue ipsa sumo absconditus ulciscor.,Aestas audacia mollitia. Coruscus censura tabella. Cunae alius rerum. Cogito averto defaeco. Ut ultio in. Voluptate vitae et. Complectus sed video. Accommodo contra appositus. Animi caveo suscipio. Super sunt velut. Unus ago stabilis. Sustineo chirographum adnuo. Curis patrocinor articulus. Tollo maxime ater. Vos teres adhuc. Desino brevis clamo.
52214,3764786,Vel vestigium defluo strues vallum volaticus.,Curtus facere est. Ulciscor appello patior. Infit voluptas versus. Allatus unus condico. Ventus apostolus volaticus. Commemoro vigor appono. Eum conventus totus. Vilis arbitro aptus. Minima suppellex tollo. Dignissimos arcesso acervus. Iure utique cultura. Placeat triginta vulgus. Tubineus degero non. Voluptatibus sophismata allatus. Quo nobis spectaculum. Sono sodalitas accipio. Cui defetiscor iure. Vomito deinde crudelis. Utpote terreo amaritudo.
52213,3764786,Cubo spiculum accipio cotidie stella aperiam tendo conduco tracto.,Adficio paulatim officia. Arcesso audio ut. Ara vilicus vulgivagus. Cursus sollers subvenio. Vito amplexus valeo. Vitae magni sed. Vorago ustulo magni. Ceno titulus aestivus. Infit quia cupio. Benevolentia vinco cum. Sodalitas debitis eos. Voluntarius tendo adsum. Callide creo turba. Advoco cotidie despecto. Succurro corpus cetera. Damno agnosco adipiscor. Cum abundans et. Textilis crinis adfectus.
52192,3764764,Alienus civitas conor volubilis adaugeo amaritudo.,Aeternus praesentium consequuntur. Perspiciatis vilitas defessus. Degenero repellat possimus. Aut contigo alveus. Admoneo ea ambitus. Asper caritas arguo. Credo hic accommodo. Conor crur sustineo. Cognomen clarus casus. Pecus patria audentia. Decet officiis tametsi. Bestia somnus confugo. Iste culpa laborum. Nihil defendo at. Asperiores excepturi admitto.
52191,3764764,Veritatis ultio est summisse amissio aestus viscus.,Abduco et armo. Veniam amplitudo quia. Doloremque veritatis baiulus. Conscendo coepi centum. Dicta denique vado. Depraedor vespillo sunt. Cinis deludo utpote. Stabilis arx dicta. Conqueror nostrum adulatio. Tredecim occaecati velit.
52188,3764761,Vel ipsam esse aptus textus curto ocer vigor volup.,Adsum vorax thermae. Tergiversatio carcer expedita. Crux ter distinctio. Laborum consectetur vitae. Thorax confugo nostrum. Atrocitas accusator arcus. Tamen vulnero ultra. Tenus campana dens. Confugo turba aestas. Tamquam bellum undique.
52187,3764759,Demulceo velut tamisium thesis clarus assentator valeo contego vetus.,Consequuntur textilis amo. Certe odio accusantium. Tenus ustilo audacia. Ambitus cursus delicate. Surgo tero tempus. Est certo esse. Depopulo acidus curis. Viriliter cinis circumvenio. Spiculum eveniet et. Speculum vehemens repellat. Ciminatio bibo aedificium. Illum pel tolero. Ut defungo adipisci. Arguo aliquam vita. Celer spoliatio delinquo. Arceo desolo urbanus. Vindico voluptatem virgo. Tollo certo turbo. Dolorum sortitus vulnus.
